{
  "project_info": {
    "project_number": "587758860859",
    "firebase_url": "https://carshare-aef56.firebaseio.com",
    "project_id": "carshare-aef56",
    "storage_bucket": "carshare-aef56.appspot.com"
  },
  "client": [
    {
      "client_info": {
        "mobilesdk_app_id": "1:587758860859:android:d73e8493e145b355",
        "android_client_info": {
          "package_name": "com.example.thewitchking.carshare"
        }
      },
      "oauth_client": [
        {
          "client_id": "587758860859-sem10lqvh1ssmu4rrkfoasai1q6088s8.apps.googleusercontent.com",
          "client_type": 1,
          "android_info": {
            "package_name": "com.example.thewitchking.carshare",
            "certificate_hash": "949f528a6ebc15cbf5942f59503f4bbb2048a2f9"
          }
        },
        {
          "client_id": "587758860859-o9eo7oig08i77shgbm6l7mpr4egqubhp.apps.googleusercontent.com",
          "client_type": 3
        }
      ],
      "api_key": [
        {
          "current_key": "AIzaSyD7IMvTPWMaMBixq6TxHwJQNcVCaF1yXQw"
        }
      ],
      "services": {
        "analytics_service": {
          "status": 1
        },
        "appinvite_service": {
          "status": 2,
          "other_platform_oauth_client": [
            {
              "client_id": "587758860859-o9eo7oig08i77shgbm6l7mpr4egqubhp.apps.googleusercontent.com",
              "client_type": 3
            }
          ]
        },
        "ads_service": {
          "status": 2
        }
      }
    }
  ],
  "configuration_version": "1"
}